Action,CFR Part,Year,Next.Edition
Unknown,223,1949,1959
Unknown,223,1949,1959
Unknown,208,1949,1959
Unknown,201,1949,1959
Unknown,270,1949,1959
Unknown,211,1949,1959
Unknown,222,1949,1959
Unknown,219,1959,1960
Unknown,261,1959,1963
Unknown,262,1959,1963
Unknown,263,1959,1963
Unknown,204,1959,1963
Unknown,206,1959,1963
Unknown,209,1959,1963
Unknown,271,1959,1963
Unknown,272,1959,1963
Unknown,211,1963,1964
Unknown,213,1963,1964
Unknown,219,1963,1964
Modification,204,1963,1967
Addition,206,1963,1967
Addition,207,1968,1969
Other,207,1969,1970
Modification,207,1969,1970
Deletion,207,1967,1968
Modification,210,1967,1968
Modification,212,1970,1971
Deletion,213,1970,1971
Modification,213,1967,1968
Addition,216,1969,1970
Other,216,1963,1967
Modification,217,1963,1967
Modification,217,1969,1970
Other,220,1969,1970
Modification,220,1969,1970
Other,220,1969,1970
Other,221,1969,1970
Modification,221,1969,1970
Modification,221,1968,1969
Other,222,1967,1968
Addition,222,1971,1972
Deletion,224,1971,1972
Addition,225,1971,1972
Addition,226,1969,1970
Addition,226,1969,1970
Addition,226,1969,1970
Addition,226,1970,1971
Modification,226,1970,1971
Addition,226,1971,1972
Addition,250,1968,1969
Modification,261,1967,1968
Modification,262,1967,1968
Modification,263,1967,1968
Addition,264,1963,1967
Modification,264,1968,1969
Addition,265,1967,1968
Addition,265,1967,1968
Addition,269,1970,1971
Modification,271,1967,1968
Addition,294,1970,1971
Modification,201,1973,1974
Addition,201,1973,1974
Modification,201,1980,1981
Deletion,202,1974,1975
Addition,202,1975,1976
Modification,202,1985,1986
Addition,202,1977,1978
Other,202,1976,1977
Other,202,1977,1978
Addition,202,1985,1986
Modification,202,1977,1978
Other,202,1978,1979
Other,202,1979,1980
Other,202,1980,1981
Deletion,203,1974,1975
Addition,203,1976,1977
Addition,203,1982,1983
Other,203,1982,1983
Modification,203,1981,1982
Addition,204,1980,1981
Addition,204,1976,1977
Modification,204,1980,1981
Addition,205,1979,1980
Modification,205,1985,1986
Deletion,205,1978,1979
Modification,205,1981,1982
Modification,205,1983,1984
Modification,205,1984,1985
Modification,205,1985,1986
Other,207,1976,1977
Other,207,1978,1979
Other,207,1979,1980
Other,207,1980,1981
Other,207,1981,1982
Other,207,1982,1983
Other,207,1983,1984
Other,207,1984,1985
Other,207,1985,1986
Modification,207,1978,1979
Modification,207,1983,1984
Modification,207,1977,1978
Modification,207,1977,1978
Modification,207,1982,1983
Other,207,1983,1984
Modification,208,1985,1986
Modification,210,1977,1978
Other,210,1976,1977
Modification,210,1980,1981
Addition,211,1979,1980
Other,211,1982,1983
Other,211,1984,1985
Deletion,211,1979,1980
Other,212,1982,1983
Other,212,1983,1984
Other,212,1984,1985
Modification,212,1984,1985
Other,212,1983,1984
Modification,212,1979,1980
Modification,212,1980,1981
Addition,213,1981,1982
Modification,213,1985,1986
Addition,213,1981,1982
Other,213,1982,1983
Deletion,213,1979,1980
Addition,215,1983,1984
Modification,215,1979,1980
Addition,215,1982,1983
Modification,216,1973,1974
Other,216,1981,1982
Modification,216,1981,1982
Addition,217,1976,1977
Other,217,1984,1985
Addition,217.0,1980,1981
Addition,219,1979,1980
Deletion,219,1979,1980
Modification,220,1985,1986
Other,220,1985,1986
Other,220,1976,1977
Other,220,1978,1979
Other,220,1979,1980
Other,220,1980,1981
Other,220,1981,1982
Other,220,1982,1983
Other,220,1983,1984
Other,220,1984,1985
Other,220,1985,1986
Modification,220,1977,1978
Modification,220,1983,1984
Other,220,1977,1978
Modification,220,1982,1983
Other,220,1983,1984
Other,221,1976,1977
Other,221,1978,1979
Other,221,1979,1980
Other,221,1980,1981
Other,221,1981,1982
Other,221,1982,1983
Other,221,1983,1984
Other,221,1984,1985
Other,221,1985,1986
Modification,221,1978,1979
Modification,221,1983,1984
Other,221,1977,1978
Modification,221,1977,1978
Modification,221,1982,1983
Other,221,1983,1984
Other,224,1976,1977
Other,224,1978,1979
Other,224,1979,1980
Other,224,1980,1981
Other,224,1981,1982
Other,224,1982,1983
Other,224,1983,1984
Other,224,1984,1985
Other,224,1985,1986
Modification,224,1978,1979
Modification,224,1983,1984
Other,224,1977,1978
Modification,224,1977,1978
Modification,224,1983,1984
Other,224,1983,1984
Other,224,1975,1976
Modification,225,1985,1986
Other,225,1982,1983
Modification,225,1979,1980
Modification,226,1985,1986
Modification,226,1981,1982
Modification,226,1981,1982
Other,226,1976,1977
Other,226,1985,1986
Other,226,1983,1984
Other,226,1984,1985
Modification,226,1983,1984
Other,226,1983,1984
Other,226,1979,1980
Deletion,226,1980,1981
Deletion,226,1979,1980
Other,226,1980,1981
Other,226,1980,1981
Other,226,1977,1978
Other,226,1978,1979
Other,226,1979,1980
Other,226,1980,1981
Modification,226,1978,1979
Modification,226,1979,1980
Other,226,1978,1979
Other,226,1979,1980
Other,226,1980,1981
Other,226,1978,1979
Modification,226,1982,1983
Modification,226,1983,1984
Modification,226,1985,1986
Other,226,1980,1981
Modification,226,1984,1985
Modification,226,1984,1985
Addition,226,1976,1977
Addition,227,1976,1977
Other,227,1985,1986
Addition,228,1978,1979
Addition,245,1980,1981
Other,250,1976,1977
Modification,262,1973,1974
Modification,263,1979,1980
Addition,266,1973,1974
Addition,267,1976,1977
Addition,268,1977,1978
Modification,268,1985,1986
Other,269,1983,1984
Modification,269,1983,1984
Modification,270,1973,1974
Modification,271,1973,1974
Modification,272,1973,1974
Addition,290,1983,1984
Addition,292,1983,1984
Deletion,294,1983,1984
Other,207,1978,1979
Modification,201,1986,1987
Modification,201,1993,1994
Modification,201,1994,1995
Modification,201,1993,1994
Modification,202,1989,1990
Modification,202,1991,1992
Modification,202,1992,1993
Modification,202,1989,1990
Modification,202,1993,1994
Modification,202,1998,1999
Modification,202,1989,1990
Other,202,1987,1988
Other,202,1988,1989
Modification,202,1993,1994
Other,202,1990,1991
Modification,202,1995,1996
Addition,202,1997,1998
Modification,202,1988,1989
Modification,202,1989,1990
Modification,202,1990,1991
Modification,202,1991,1992
Modification,202,1992,1993
Modification,202,1996,1997
Modification,202,1987,1988
Modification,202,1990,1991
Modification,202,1993,1994
Modification,203,1992,1993
Modification,203,1992,1993
Modification,203,1993,1994
Modification,203,1994,1995
Modification,203,1995,1996
Modification,203,1997,1998
Modification,203,1998,1999
Modification,203,1997,1998
Modification,203,1990,1991
Modification,203,1997,1998
Modification,203,1988,1989
Modification,203,1991,1992
Other,203,1988,1989
Other,203,1987,1988
Other,203,1993,1994
Modification,203,1993,1994
Other,203,1993,1994
Other,203,1990,1991
Other,203,1991,1992
Modification,203,1988,1989
Modification,203,1989,1990
Addition,203,1995,1996
Modification,203,1997,1998
Modification,203,1998,1999
Modification,203,1999,2000
Modification,203,2000,2001
Modification,204,1986,1987
Modification,204,1987,1988
Modification,204,1992,1993
Modification,204,1993,1994
Modification,204,1993,1994
Modification,205,1998,1999
Modification,205,1987,1988
Modification,205,1994,1995
Modification,205,1998,1999
Addition,205,1992,1993
Addition,205,1996,1997
Modification,205,1994,1995
Modification,205,1997,1998
Modification,205,1993,1994
Modification,205,1996,1997
Modification,205,1986,1987
Modification,205,1987,1988
Modification,205,1988,1989
Modification,205,1989,1990
Modification,205,1990,1991
Deletion,205,1996,1997
Addition,206,1992,1993
Modification,206,1993,1994
Deletion,206,1987,1988
Other,206,1988,1989
Modification,207,1996,1997
Modification,207,1993,1994
Other,207,1986,1987
Other,207,1987,1988
Other,207,1988,1989
Other,207,1989,1990
Other,207,1990,1991
Other,207,1991,1992
Other,207,1992,1993
Other,207,1993,1994
Other,207,1994,1995
Other,207,1995,1996
Other,207,1996,1997
Other,207,1997,1998
Other,207,1998,1999
Deletion,207,1998,1999
Modification,208,1997,1998
Modification,208,1989,1990
Addition,208,1989,1990
Modification,208,1990,1991
Modification,208,1991,1992
Modification,208,1992,1993
Modification,208,1993,1994
Modification,208,1994,1995
Modification,208,1995,1996
Modification,208,1998,1999
Modification,208,1999,2000
Addition,208,1996,1997
Modification,208,1994,1995
Modification,208,1994,1995
Modification,208,1995,1996
Modification,208,1992,1993
Modification,208,1995,1996
Modification,208,1989,1990
Addition,208,1990,1991
Addition,208,1992,1993
Modification,208,1993,1994
Addition,208,1995,1996
Modification,208,1996,1997
Addition,208,1998,1999
Modification,208,1999,2000
Addition,208,1998,1999
Modification,208,1999,2000
Modification,208,1997,1998
Modification,208,2000,2001
Modification,208,1994,1995
Modification,208,1993,1994
Modification,208,1995,1996
Modification,208,1998,1999
Modification,208,1999,2000
Modification,208,1995,1996
Modification,208,1987,1988
Modification,208,1990,1991
Modification,208,1992,1993
Modification,208,1993,1994
Modification,208,1994,1995
Modification,208,1995,1996
Modification,208,1996,1997
Modification,208,1997,1998
Modification,208,1998,1999
Modification,208,1999,2000
Modification,208,2000,2001
Deletion,208,1988,1989
Modification,208,1993,1994
Other,208,1993,1994
Modification,208,1998,1999
Other,208,1992,1993
Modification,209,1998,1999
Modification,209,1993,1994
Modification,209,1998,1999
Modification,210,1990,1991
Modification,210,1994,1995
Modification,210,1988,1989
Modification,210,1990,1991
Modification,210,1993,1994
Modification,211,1987,1988
Modification,211,1991,1992
Modification,211,1993,1994
Modification,211,1994,1995
Modification,211,1995,1996
Modification,211,1997,1998
Modification,211,1993,1994
Modification,211,1991,1992
Modification,211,1991,1992
Modification,211,1991,1992
Modification,212,1993,1994
Modification,212,1996,1997
Modification,213,1997,1998
Modification,213,1998,1999
Modification,213,1996,1997
Modification,213,1989,1990
Modification,213,1991,1992
Modification,213,1992,1993
Deletion,213,1996,1997
Modification,213,1996,1997
Modification,213,1991,1992
Modification,213,1991,1992
Modification,213,1998,1999
Other,213,1997,1998
Modification,213,1993,1994
Modification,213,1998,1999
Modification,213,1999,2000
Modification,213,1997,1998
Modification,214,1993,1994
Modification,215,1992,1993
Modification,215,1993,1994
Modification,215,1994,1995
Modification,215,1995,1996
Modification,215,1993,1994
Addition,216,2000,2001
Modification,216,1993,1994
Deletion,216,1998,1999
Modification,216,1991,1992
Modification,217,1986,1987
Modification,217,1992,1993
Modification,217,1993,1994
Other,217,1993,1994
Addition,217.0,1986,1987
Modification,218,1993,1994
Deletion,218,1996,1997
Modification,219,1995,1996
Modification,219,1993,1994
Other,219,1995,1996
Other,219,1996,1997
Modification,220,1994,1995
Modification,220,1996,1997
Modification,220,1993,1994
Other,220,1986,1987
Other,220,1987,1988
Other,220,1988,1989
Other,220,1989,1990
Other,220,1990,1991
Other,220,1991,1992
Other,220,1992,1993
Other,220,1993,1994
Modification,220,1988,1989
Other,220,1994,1995
Other,220,1995,1996
Other,220,1996,1997
Other,220,1997,1998
Other,220,1998,1999
Other,220,1999,2000
Other,220,2000,2001
Modification,221,1996,1997
Modification,221,1993,1994
Other,221,1986,1987
Other,221,1987,1988
Other,221,1988,1989
Other,221,1989,1990
Other,221,1990,1991
Other,221,1991,1992
Other,221,1992,1993
Other,221,1993,1994
Modification,221,1988,1989
Other,221,1994,1995
Other,221,1995,1996
Other,221,1996,1997
Other,221,1997,1998
Other,221,1998,1999
Modification,221,1998,1999
Modification,224,1998,1999
Modification,224,1993,1994
Other,224,1986,1987
Other,224,1987,1988
Other,224,1988,1989
Other,224,1989,1990
Other,224,1990,1991
Other,224,1991,1992
Other,224,1992,1993
Other,224,1993,1994
Modification,224,1988,1989
Other,224,1994,1995
Other,224,1995,1996
Other,224,1996,1997
Other,224,1997,1998
Other,224,1998,1999
Addition,225,1990,1991
Modification,225,1986,1987
Modification,225,1990,1991
Modification,225,1991,1992
Modification,225,1992,1993
Modification,225,1993,1994
Modification,225,1994,1995
Modification,225,1995,1996
Modification,225,1996,1997
Modification,225,1998,1999
Modification,225,1999,2000
Modification,225,1994,1995
Modification,225,1995,1996
Modification,225,1995,1996
Addition,225,1989,1990
Modification,225,1990,1991
Modification,225,1993,1994
Addition,225,1989,1990
Modification,225,1997,1998
Addition,225,1990,1991
Modification,225,1992,1993
Modification,225,1998,1999
Addition,225,1996,1997
Modification,225,2000,2001
Modification,225,1997,1998
Modification,225,1993,1994
Modification,225,1998,1999
Modification,225,1995,1996
Modification,225,1988,1989
Modification,225,1986,1987
Modification,225,1990,1991
Modification,225,1992,1993
Modification,225,1993,1994
Modification,225,1994,1995
Modification,225,1998,1999
Modification,225,2000,2001
Modification,225,1989,1990
Addition,225,1992,1993
Modification,225,1991,1992
Modification,225,1993,1994
Other,225,1992,1993
Other,225,1993,1994
Other,225,1994,1995
Modification,225,1998,1999
Modification,225,2000,2001
Other,225,1992,1993
Other,225,1993,1994
Other,226,1996,1997
Modification,226,1989,1990
Modification,226,1990,1991
Modification,226,2000,2001
Modification,226,1987,1988
Modification,226,1995,1996
Modification,226,1996,1997
Modification,226,1988,1989
Modification,226,1997,1998
Modification,226,1998,1999
Modification,226,1997,1998
Modification,226,1989,1990
Modification,226,1991,1992
Modification,226,1992,1993
Addition,226,1995,1996
Modification,226,1995,1996
Addition,226,1995,1996
Modification,226,1987,1988
Modification,226,1989,1990
Modification,226,1991,1992
Modification,226,1993,1994
Modification,226,1994,1995
Modification,226,1990,1991
Other,226,1988,1989
Other,226,1989,1990
Other,226,1998,1999
Other,226,1999,2000
Modification,226,1986,1987
Modification,226,1993,1994
Other,226,1994,1995
Other,226,1991,1992
Other,226,1990,1991
Modification,226,1986,1987
Modification,226,1987,1988
Modification,226,1988,1989
Modification,226,1989,1990
Modification,226,1990,1991
Modification,226,1991,1992
Modification,226,1993,1994
Modification,226,1995,1996
Modification,226,1996,1997
Modification,226,1997,1998
Modification,226,1998,1999
Modification,226,1999,2000
Modification,226,2000,2001
Modification,226,1986,1987
Modification,226,1988,1989
Modification,226,1989,1990
Modification,226,1991,1992
Modification,226,1992,1993
Modification,226,1998,1999
Other,226,1992,1993
Modification,227,1993,1994
Modification,228,1995,1996
Addition,228,1995,1996
Addition,228,1995,1996
Modification,228,1990,1991
Modification,228,1995,1996
Modification,228,1993,1994
Addition,229,1988,1989
Modification,229,1997,1998
Modification,229,1988,1989
Modification,229,1997,1998
Modification,229,1990,1991
Modification,229,1992,1993
Modification,229,1997,1998
Modification,229,1999,2000
Modification,229,1992,1993
Modification,229,1989,1990
Modification,229,1991,1992
Modification,229,1992,1993
Modification,229,1995,1996
Addition,229,1988,1989
Modification,229,1989,1990
Modification,229,1990,1991
Modification,229,1995,1996
Modification,229,1996,1997
Modification,229,1994,1995
Modification,229,1990,1991
Modification,229,1989,1990
Modification,229,1995,1996
Modification,229,1993,1994
Modification,229,1988,1989
Modification,229,1991,1992
Modification,229,1990,1991
Modification,229,1992,1993
Modification,229,1992,1993
Modification,229,1993,1994
Other,229,1989,1990
Modification,229,1988,1989
Modification,230,1993,1994
Addition,230,1992,1993
Modification,230,1998,1999
Modification,230,1995,1996
Modification,230,1995,1996
Modification,230,1993,1994
Modification,230,1992,1993
Other,230,1994,1995
Addition,230,1994,1995
Modification,230,1994,1995
Modification,230,1998,1999
Addition,231,1994,1995
Modification,245,1993,1994
Deletion,245,1996,1997
Modification,250,1992,1993
Modification,250,1996,1997
Modification,261,1997,1998
Modification,261,1997,1998
Other,261,1987,1988
Modification,261,1988,1989
Modification,262,1993,1994
Modification,263,1993,1994
Modification,263,1992,1993
Modification,263,1994,1995
Modification,263,1995,1996
Modification,263,1996,1997
Modification,263,1991,1992
Deletion,264,1992,1993
Modification,264,1996,1997
Modification,265,1993,1994
Modification,265,1993,1994
Modification,265,1990,1991
Modification,265,1986,1987
Modification,265,1991,1992
Modification,265,1992,1993
Modification,265,1991,1992
Modification,268,1993,1994
Modification,268,1994,1995
Addition,271,1991,1992
Modification,271,1991,1992
Modification,271,1997,1998
Modification,300,1990,1991
Modification,229,1988,1989
Modification,229,1988,1989
Modification,229,1988,1989
Modification,207,1988,1989
Other,202,2001,2002
Modification,202,2001,2002
Modification,203,2001,2002
Modification,205,2001,2002
Modification,205,2001,2002
Addition,207,2001,2002
Modification,208,2001,2002
Modification,208,2001,2002
Modification,211,2001,2002
Other,213,2001,2002
Modification,213,2001,2002
Other,220,2001,2002
Modification,225,2001,2002
Addition,225,2001,2002
Other,226,2001,2002
Modification,226,2001,2002
Other,230,2001,2002
Modification,230,2001,2002
Modification,250,2001,2002
Modification,263,2001,2002
Modification,268,2001,2002
Modification,201,2002,2003
Modification,203,2002,2003
Other,203,2002,2003
Modification,203,2002,2003
Modification,203,2002,2003
Modification,203,2002,2003
Modification,208,2002,2003
Modification,208,2002,2003
Modification,208,2002,2003
Modification,208,2002,2003
Modification,208,2002,2003
Other,220,2002,2003
Addition,223,2002,2003
Modification,225,2002,2003
Modification,225,2002,2003
Modification,225,2002,2003
Modification,226,2002,2003
Modification,202,2003,2004
Modification,202,2003,2004
Modification,203,2003,2004
Modification,203,2003,2004
Modification,203,2003,2004
Modification,206,2003,2004
Modification,208,2003,2004
Modification,211,2003,2004
Other,220,2003,2004
Addition,222,2003,2004
Modification,225,2003,2004
Modification,226,2003,2004
Modification,229,2003,2004
Modification,229,2003,2004
Modification,229,2003,2004
Modification,229,2003,2004
Modification,263,2003,2004
Modification,268,2003,2004
Modification,203,2004,2005
Modification,208,2004,2005
Modification,208,2004,2005
Modification,208,2004,2005
Modification,208,2004,2005
Modification,208,2004,2005
Modification,208,2004,2005
Modification,210,2004,2005
Modification,211,2004,2005
Modification,226,2004,2005
Modification,229,2004,2005
Modification,229,2004,2005
Modification,229,2004,2005
Modification,229,2004,2005
Modification,229,2004,2005
Modification,203,2005,2006
Modification,208,2005,2006
Modification,208,2005,2006
Modification,222,2005,2006
Modification,225,2005,2006
Modification,225,2005,2006
Modification,225,2005,2006
Modification,225,2005,2006
Modification,225,2005,2006
Modification,226,2005,2006
Modification,228,2005,2006
Modification,229,2005,2006
Modification,229,2005,2006
Modification,229,2005,2006
Modification,229,2005,2006
Modification,229,2005,2006
Modification,229,2005,2006
Modification,230,2005,2006
Addition,232,2005,2006
Addition,232,2005,2006
Modification,232,2005,2006
Modification,281,2005,2006
Modification,202,2006,2007
Modification,203,2006,2007
Modification,205,2006,2007
Modification,205,2006,2007
Modification,205,2006,2007
Modification,205,2006,2007
Modification,205,2006,2007
Modification,205,2006,2007
Modification,205,2006,2007
Modification,205,2006,2007
Modification,208,2006,2007
Modification,208,2006,2007
Modification,215,2006,2007
Modification,225,2006,2007
Modification,225,2006,2007
Modification,225,2006,2007
Modification,226,2006,2007
Modification,229,2006,2007
Modification,202,2007,2008
Modification,202,2007,2008
Modification,202,2007,2008
Modification,203,2007,2008
Modification,205,2007,2008
Addition,208,2007,2008
Modification,213,2007,2008
Other,215,2007,2008
Addition,218,2007,2008
Modification,222,2007,2008
Addition,222,2007,2008
Addition,222,2007,2008
Addition,225,2007,2008
Modification,226,2007,2008
Modification,226,2007,2008
Modification,229,2007,2008
Modification,229,2007,2008
Modification,229,2007,2008
Modification,230,2007,2008
Modification,202,2008,2009
Modification,203,2008,2009
Modification,203,2008,2009
Modification,203,2008,2009
Modification,208,2008,2009
Modification,208,2008,2009
Modification,208,2008,2009
Modification,225,2008,2009
Modification,225,2008,2009
Modification,225,2008,2009
Modification,225,2008,2009
Modification,225,2008,2009
Modification,226,2008,2009
Modification,226,2008,2009
Modification,226,2008,2009
Modification,229,2008,2009
Modification,229,2008,2009
Deletion,229,2008,2009
Modification,229,2008,2009
Modification,229,2008,2009
Addition,233,2008,2009
Modification,263,2008,2009
Modification,202,2009,2010
Modification,203,2009,2010
Modification,205,2009,2010
Modification,208,2009,2010
Addition,216,2009,2010
Modification,222,2009,2010
Modification,225,2009,2010
Modification,226,2009,2010
Addition,227,2009,2010
Modification,229,2009,2010
Modification,230,2009,2010
Other,233,2009,2010
Modification,203,2010,2011
Modification,205,2010,2011
Modification,205,2010,2011
Other,205,2010,2011
Modification,208,2010,2011
Modification,208,2010,2011
Modification,208,2010,2011
Modification,211,2010,2011
Modification,211,2010,2011
Modification,222,2010,2011
Addition,222,2010,2011
Modification,225,2010,2011
Modification,225,2010,2011
Modification,226,2010,2011
Modification,226,2010,2011
Modification,226,2010,2011
Modification,226,2010,2011
Other,226,2010,2011
Modification,226,2010,2011
Other,226,2010,2011
Modification,226,2010,2011
Other,226,2010,2011
Addition,226,2010,2011
Addition,226,2010,2011
Modification,226,2010,2011
Other,226,2010,2011
Addition,226,2010,2011
Modification,226,2010,2011
Modification,226,2010,2011
Modification,226,2010,2011
Modification,226,2010,2011
Modification,227,2010,2011
Modification,228,2010,2011
Modification,228,2010,2011
Modification,229,2010,2011
Modification,230,2010,2011
Modification,202,2011,2012
Modification,202,2011,2012
Modification,202,2011,2012
Modification,202,2011,2012
Modification,204,2011,2012
Modification,208,2011,2012
Modification,213,2011,2012
Modification,213,2011,2012
Modification,215,2011,2012
Deletion,217,2011,2012
Modification,222,2011,2012
Modification,223,2011,2012
Modification,225,2011,2012
Modification,225,2011,2012
Modification,225,2011,2012
Modification,226,2011,2012
Modification,226,2011,2012
Modification,226,2011,2012
Modification,226,2011,2012
Modification,230,2011,2012
Addition,235,2011,2012
Modification,235,2011,2012
Addition,238,2011,2012
Addition,239,2011,2012
Addition,243,2011,2012
Modification,261,2011,2012
Modification,262,2011,2012
Modification,263,2011,2012
Modification,208,2012,2013
Modification,213,2012,2013
Addition,241,2012,2013
Addition,252,2012,2013
Modification,208,2013,2014
Modification,208,2013,2014
Deletion,208,2013,2014
Deletion,208,2013,2014
Modification,208,2013,2014
Modification,213,2013,2014
Addition,217,2013,2014
Addition,217,2013,2014
Deletion,225,2013,2014
Deletion,225,2013,2014
Deletion,225,2013,2014
Modification,225,2013,2014
Modification,226,2013,2014
Other,226,2013,2014
Modification,226,2013,2014
Addition,226,2013,2014
Modification,226,2013,2014
Other,226,2013,2014
Modification,226,2013,2014
Addition,237,2013,2014
Addition,240,2013,2014
Addition,242,2013,2014
Addition,246,2013,2014
Other,252,2013,2014
Modification,208,2014,2015
Modification,208,2014,2015
Modification,210,2014,2015
Modification,213,2014,2015
Modification,213,2014,2015
Deletion,216,2014,2015
Modification,217,2014,2015
Modification,217,2014,2015
Addition,217,2014,2015
Modification,222,2014,2015
Modification,225,2014,2015
Modification,225,2014,2015
Other,225,2014,2015
Modification,226,2014,2015
Deletion,230,2014,2015
Addition,244,2014,2015
Addition,248,2014,2015
Addition,249,2014,2015
Addition,251,2014,2015
Modification,252,2014,2015
Modification,252,2014,2015
Modification,252,2014,2015
Modification,252,2014,2015
Modification,252,2014,2015
Deletion,267,2014,2015
Modification,201,2015,2016
Modification,208,2015,2016
Modification,213,2015,2016
Modification,209,2016,2017
Other,209,2016,2017
Modification,213,2016,2017
Addition,217,2016,2017
Modification,226,2016,2017
Deletion,227,2016,2017
Modification,263,2016,2017
Deletion,203,2017,2018
Modification,209,2017,2018
Modification,209,2017,2018
Modification,213,2017,2018
Modification,226,2017,2018
Modification,228,2017,2018
Deletion,229,2017,2018
Modification,229,2017,2018
Modification,252,2017,2018
Modification,209,2018,2019
Modification,210,2018,2019
Modification,213,2018,2019
Modification,226,2018,2019
Modification,228,2018,2019
Modification,229,2018,2019
Modification,201,2019,2020
Modification,208,2019,2020
Modification,209,2019,2020
Modification,211,2019,2020
Modification,213,2019,2020
Modification,217,2019,2020
Modification,226,2019,2020
Modification,229,2019,2020
Modification,238,2019,2020
Modification,243,2019,2020
Modification,248,2019,2020
Modification,248,2019,2020
Deletion,248,2019,2020
Addition,248,2019,2020
Modification,249,2019,2020
Modification,252,2019,2020
Modification,252,2019,2020
Addition,252,2019,2020
Modification,265,2019,2020
Addition,267,2019,2020
Modification,209,2020,2021
Modification,213,2020,2021
Modification,215,2020,2021
Modification,217,2020,2021
Other,217,2020,2021
Modification,226,2020,2021
Modification,235,2020,2021
Modification,237,2020,2021
Modification,237,2020,2021
Modification,246,2020,2021
Modification,252,2020,2021
Modification,252,2020,2021
Modification,261,2020,2021
Modification,209,2021,2022
Modification,213,2021,2022
Modification,215,2021,2022
Modification,226,2021,2022
Modification,249,2021,2022
Modification,252,2021,2022
Modification,262,2021,2022
Addition,262,2021,2022
Modification,271,2021,2022
Modification,272,2021,2022
Other,208,2022,2023
Modification,208,2022,2023
Modification,209,2022,2023
Modification,209,2022,2023
Modification,210,2022,2023
Addition,210,2022,2023
Modification,213,2022,2023
Modification,226,2022,2023
Modification,235,2022,2023
Modification,265,2022,2023
Modification,209,2023,2024
Modification,213,2023,2024
Modification,226,2023,2024
Addition,253,2023,2024
Modification,263,2023,2024
Addition,263,2023,2024
